https://www.tinybrain.fans/accessibility.html,https://tinybrain.fans/accessibility.html
https://brid.gy/post/twitter/seirdy/1536747178877673475,https://archive.today/Mzo9v
https://brid.gy/comment/mastodon/@Seirdy@pleroma.envs.net/ANUjukccjwEmivz3ia/ANUmmjSDUviUeCz42S,https://archive.today/hxOsO
https://wonderfall.dev/fdroid-issues/,https://privsec.dev/posts/android/f-droid-security-issues/
https://forum.fedeproxy.eu/t/keep-platform-open-article/161,https://forum.forgefriends.org/t/keep-platform-open-article/161
https://brid.gy/post/mastodon/@Seirdy@pleroma.envs.net/AGJrYW1wzYsoVK74oi,https://archive.today/KWNKY
https://blog.puer-robustus.eu/domestizierung-von-nutzern/,https://blog.puer-robustus.eu/post/domestizierung-von-nutzern/
https://revi.blog/P167,https://web.archive.org/web/20221125005852/https://revi.blog/P167
https://blog.lyokolux.space/21-01-15-whatsapp-en-2021-bye-bye.html,https://blog.lyokolux.space/posts/21-01-15-whatsapp-en-2021-bye-bye/
https://privacyguides.org/linux-desktop/,https://www.privacyguides.org/en/os/linux-overview/
https://vulpine.club/@KitRedgrave/108682844888729785,https://web.archive.org/web/20230607223556/https://vulpine.club/@KitRedgrave/108682844888729785
https://social.finkhaeuser.de/@jens/108564595678843404,https://web.archive.org/web/20221005030338/https://social.finkhaeuser.de/@jens/108564595678843404
https://mineralexistence.com/bookmarks.html,https://web.archive.org/web/20221124234530/https://mineralexistence.com/bookmarks.html
http://renaissancechambara.jp/2021/02/19/user-domestication/,https://web.archive.org/web/20240112142340/http://renaissancechambara.jp/2021/02/19/user-domestication/
https://symfonystation.com/Symfony-Station-Communique-01-July-2022,https://symfonystation.mobileatom.net/Symfony-Station-Communique-01-July-2022
https://www.symfonystation.com/Symfony-Station-Communique-01-July-2022,https://symfonystation.mobileatom.net/Symfony-Station-Communique-01-July-2022
https://blog.zerolimits.dev/tech/psa/intro/#open-source-everything,https://blog.zerolimits.dev/tech/psa/intro#open-source-everything
https://brid.gy/comment/reddit/Seirdy/sy3r4t/hxwvurm,https://old.reddit.com/comments/sy3r4t/_/hxwvurm/
https://www.privacyguides.org/linux-desktop/overview/,https://www.privacyguides.org/en/os/linux-overview/
https://www.privacyguides.org/basics/email-security/,https://www.privacyguides.org/en/basics/email-security/
https://mstdn.social/@avalos/108643722477757606,https://web.archive.org/web/20230131040938/https://mstdn.social/@avalos/108643722477757606
https://brid.gy/post/reddit/Seirdy/m11dp9,https://old.reddit.com/r/AntiFacebook/comments/m11dp9/whatsapp_and_the_domestication_of_users/
https://melyanna.net/tools-of-the-trade-accessibility-and-validation,https://web.archive.org/web/20230207092150/https://melyanna.net/tools-of-the-trade-accessibility-and-validation
https://tdarb.org/blog/safari-default-dark-mode.html,https://btxx.org/posts/safari-default-dark-mode/
https://brid.gy/comment/reddit/Seirdy/sy3r4t/hxvwpc9,https://old.reddit.com/comments/sy3r4t/_/hxvwpc9/
https://brid.gy/comment/reddit/Seirdy/sy3r4t/hxw53qb,https://old.reddit.com/comments/sy3r4t/_/hxw53qb/
https://brid.gy/comment/reddit/Seirdy/sy3r4t/hxw8wij,https://old.reddit.com/comments/sy3r4t/_/hxw8wij/
https://brid.gy/comment/reddit/Seirdy/sy3r4t/hxws016,https://old.reddit.com/comments/sy3r4t/_/hxws016/
https://brid.gy/comment/reddit/Seirdy/sy3r4t/hxwl9oh,https://old.reddit.com/comments/sy3r4t/_/hxwl9oh/
https://brid.gy/comment/reddit/Seirdy/sy3r4t/hxy20d7,https://old.reddit.com/comments/sy3r4t/_/hxy20d7/
https://brid.gy/comment/reddit/Seirdy/sy3r4t/hy07ybe,https://old.reddit.com/comments/sy3r4t/_/hy07ybe/
https://brid.gy/comment/reddit/Seirdy/sy3r4t/hxws016,https://old.reddit.com/comments/sy3r4t/_/hxws016/
https://snowdin.town/notice/AOevybwoSx4xW4lX3w,https://web.archive.org/web/20230422173223/https://snowdin.town/notice/AOevybwoSx4xW4lX3w
https://aroace.space/opinions,https://web.archive.org/web/20231208204623/https://aroace.space/opinions
https://mastodon.art/@TerryHancock/108392881014059285,https://web.archive.org/web/20221117225952/https://mastodon.art/@TerryHancock/108392881014059285
https://lobste.rs/s/dmkw4d/how_back_up_your_git_repositories#c_ktr31d,https://lobste.rs/comments/ktr31d/reply
https://lobste.rs/s/rbocxw/my_thoughts_on_writing_minecraft_server#c_xsjz1w,https://lobste.rs/comments/xsjz1w/reply
